{
  "data": [
    {
      "instrumentId": "AAPL230414C00050000",
      "predictionTime": 0,
      "totalTime": 0,
      "trainingTime": 0,
      "values": {}
    },
    {
      "instrumentId": "AAPL230414C00050000",
      "predictionTime": 0.0010006427764892578,
      "totalTime": 0.0010006427764892578,
      "trainingTime": 0,
      "values": [
        {
          "delta": 0.13677489663160977,
          "predictedPrice": 0.5882898186564727,
          "spotPrice": 1.65
        },
        {
          "delta": 0.13629328316865497,
          "predictedPrice": 0.5896551981101572,
          "spotPrice": 1.66
        },
        {
          "delta": 0.13583296153006696,
          "predictedPrice": 0.5910157928886919,
          "spotPrice": 1.67
        }
      ]
    }
  ]
}
